Date,Platform,Country,DAU,Sessions,Conversion Rate,Conversions,Revenue,ARPDAU
2024-01-01,iOS,US,1928,4686,0.0746,143,9680.81,5.02
2024-01-01,iOS,UK,1443,3404,0.0646,93,6607.67,4.58
2024-01-01,iOS,DE,1046,2692,0.0282,29,4609.05,4.4
2024-01-01,Android,US,1276,2802,0.0608,77,6214.39,4.87
2024-01-01,Android,UK,883,2597,0.0421,37,5163.3,5.84
2024-01-01,Android,DE,677,1582,0.0366,24,3528.13,5.21
2024-01-01,Web,US,1517,3521,0.0612,92,7108.48,4.68
2024-01-01,Web,UK,1323,3304,0.0387,51,6110.76,4.62
2024-01-01,Web,DE,788,2021,0.0199,15,3895.5,4.94
2024-01-02,iOS,US,1738,4190,0.069,119,8366.15,4.81
2024-01-02,iOS,UK,1300,3663,0.0679,88,5830.84,4.48
2024-01-02,iOS,DE,1109,2645,0.0448,49,5675.73,5.12
2024-01-02,Android,US,1415,3935,0.0544,77,6389.95,4.51
2024-01-02,Android,UK,1042,2912,0.0435,45,4941.44,4.74
2024-01-02,Android,DE,697,1492,0.0468,32,4705.54,6.75
2024-01-02,Web,US,1451,4065,0.0734,106,6949.17,4.79
2024-01-02,Web,UK,1158,3429,0.0533,61,6375.96,5.51
2024-01-02,Web,DE,635,1745,0.0438,27,4325.41,6.8
2024-01-03,iOS,US,1776,5230,0.0573,101,8186.27,4.61
2024-01-03,iOS,UK,1289,3577,0.0514,66,6343.21,4.92
2024-01-03,iOS,DE,1122,2839,0.0481,54,4935.44,4.4
2024-01-03,Android,US,1273,3033,0.0322,41,6590.95,5.18
2024-01-03,Android,UK,1030,2578,0.0337,34,4248.38,4.12
2024-01-03,Android,DE,761,1825,0.0208,15,3884.21,5.1
2024-01-03,Web,US,1491,4572,0.0538,80,7287.54,4.89
2024-01-03,Web,UK,1108,2133,0.0398,44,5536.85,4.99
2024-01-03,Web,DE,1139,2782,0.0351,39,4388.04,3.85
2024-01-04,iOS,US,1711,3811,0.1009,172,8226.41,4.81
2024-01-04,iOS,UK,1314,4148,0.057,74,6584.03,5.01
2024-01-04,iOS,DE,1014,2382,0.038,38,5528.03,5.45
2024-01-04,Android,US,1117,2953,0.056,62,7470.47,6.68
2024-01-04,Android,UK,863,2074,0.0583,50,4534.95,5.25
2024-01-04,Android,DE,775,2244,0.024,18,4212.63,5.43
2024-01-04,Web,US,1386,3790,0.0601,83,6779.22,4.89
2024-01-04,Web,UK,1098,2843,0.0582,63,5895.88,5.37
2024-01-04,Web,DE,768,1975,0.0475,36,4220.95,5.49
2024-01-05,iOS,US,1960,4328,0.0896,175,8832.98,4.51
2024-01-05,iOS,UK,1375,3836,0.067,92,6760.02,4.91
2024-01-05,iOS,DE,1355,3289,0.0427,57,4634.43,3.42
2024-01-05,Android,US,1339,3318,0.0647,86,6328.61,4.72
2024-01-05,Android,UK,1176,2944,0.0617,72,4629.41,3.94
2024-01-05,Android,DE,1146,3081,0.0291,33,3273.95,2.86
2024-01-05,Web,US,1627,3959,0.0752,122,7114.69,4.37
2024-01-05,Web,UK,1207,2711,0.0372,44,5067.56,4.2
2024-01-05,Web,DE,1057,2711,0.0294,31,4319.25,4.08
2024-01-06,iOS,US,1419,3061,0.0818,116,9000.35,6.34
2024-01-06,iOS,UK,1195,3366,0.0464,55,6238.75,5.22
2024-01-06,iOS,DE,921,2445,0.0533,49,7292.49,7.92
2024-01-06,Android,US,1117,3173,0.0682,76,6865.66,6.15
2024-01-06,Android,UK,783,2138,0.0374,29,4912.34,6.27
2024-01-06,Android,DE,603,1524,0.0592,35,3090.96,5.12
2024-01-06,Web,US,1246,2513,0.0605,75,7811.11,6.27
2024-01-06,Web,UK,912,1986,0.043,39,5929.52,6.5
2024-01-06,Web,DE,651,1671,0.0406,26,4145.97,6.36
2024-01-07,iOS,US,1553,3576,0.0998,155,7568.36,4.87
2024-01-07,iOS,UK,1169,3101,0.0788,92,5526.48,4.73
2024-01-07,iOS,DE,911,2148,0.0496,45,5784.03,6.35
2024-01-07,Android,US,1191,2529,0.0776,92,7034.54,5.9
2024-01-07,Android,UK,989,2021,0.0478,47,5228.43,5.29
2024-01-07,Android,DE,637,1679,0.0499,31,3212.51,5.04
2024-01-07,Web,US,1273,1945,0.0658,83,6510.9,5.11
2024-01-07,Web,UK,859,2569,0.0442,37,4885.5,5.68
2024-01-07,Web,DE,800,2347,0.0324,25,4666.0,5.83
2024-01-08,iOS,US,1754,4069,0.071,124,8634.21,4.92
2024-01-08,iOS,UK,1345,3630,0.07,94,6170.99,4.59
2024-01-08,iOS,DE,1280,2451,0.0418,53,5726.07,4.47
2024-01-08,Android,US,1328,3073,0.0507,67,6373.65,4.8
2024-01-08,Android,UK,941,2593,0.0442,41,4745.97,5.04
2024-01-08,Android,DE,890,2308,0.0406,36,4388.75,4.93
2024-01-08,Web,US,1362,3176,0.0661,90,7660.9,5.62
2024-01-08,Web,UK,1109,2813,0.0579,64,5362.46,4.83
2024-01-08,Web,DE,944,2302,0.0339,32,5075.98,5.38
2024-01-09,iOS,US,1806,4887,0.0812,146,9281.32,5.14
2024-01-09,iOS,UK,1375,3478,0.0708,97,6605.68,4.8
2024-01-09,iOS,DE,1319,2901,0.0398,52,6190.89,4.69
2024-01-09,Android,US,1432,3850,0.0695,99,6833.3,4.77
2024-01-09,Android,UK,951,2400,0.0419,39,5748.66,6.04
2024-01-09,Android,DE,818,1843,0.0357,29,4415.34,5.4
2024-01-09,Web,US,1447,3262,0.0727,105,7721.84,5.33
2024-01-09,Web,UK,1106,2609,0.0564,62,5121.62,4.63
2024-01-09,Web,DE,784,1792,0.0411,32,4831.98,6.16
2024-01-10,iOS,US,1859,4089,0.0845,157,8466.89,4.55
2024-01-10,iOS,UK,1463,3296,0.0703,102,7390.39,5.05
2024-01-10,iOS,DE,1134,2972,0.059,66,5098.6,4.49
2024-01-10,Android,US,1418,3551,0.0645,91,6071.91,4.28
2024-01-10,Android,UK,1076,2851,0.0634,68,5447.65,5.06
2024-01-10,Android,DE,1074,2438,0.0478,51,4066.08,3.78
2024-01-10,Web,US,1769,3995,0.0622,110,6876.32,3.88
2024-01-10,Web,UK,980,2297,0.0467,45,5595.21,5.71
2024-01-10,Web,DE,988,3028,0.0529,52,4127.56,4.18
2024-01-11,iOS,US,1838,5247,0.0771,141,7352.42,4.0
2024-01-11,iOS,UK,1408,3473,0.0753,106,5517.39,3.92
2024-01-11,iOS,DE,958,2398,0.0508,48,4826.65,5.03
2024-01-11,Android,US,1303,2842,0.06,78,6216.89,4.77
2024-01-11,Android,UK,1006,2731,0.036,36,3968.9,3.94
2024-01-11,Android,DE,891,2318,0.0303,27,4564.34,5.12
2024-01-11,Web,US,1391,3969,0.0689,95,7871.2,5.66
2024-01-11,Web,UK,1236,2999,0.0622,76,5584.86,4.52
2024-01-11,Web,DE,985,2179,0.0488,48,4738.95,4.81
2024-01-12,iOS,US,1553,4219,0.0838,130,7996.78,5.15
2024-01-12,iOS,UK,1378,2876,0.0359,49,6095.1,4.42
2024-01-12,iOS,DE,1011,2518,0.0216,21,4853.74,4.8
2024-01-12,Android,US,1055,2850,0.0552,58,5499.86,5.21
2024-01-12,Android,UK,860,1878,0.039,33,5069.72,5.89
2024-01-12,Android,DE,631,1673,0.0264,16,3277.29,5.19
2024-01-12,Web,US,1306,2860,0.0518,67,6034.17,4.62
2024-01-12,Web,UK,1209,3037,0.0371,44,5209.38,4.31
2024-01-12,Web,DE,799,1945,0.0414,33,4460.67,5.58
2024-01-13,iOS,US,1119,2290,0.0945,105,9393.8,8.39
2024-01-13,iOS,UK,1013,2708,0.0653,66,8132.76,8.02
2024-01-13,iOS,DE,942,2320,0.0402,37,4471.43,4.74
2024-01-13,Android,US,1032,2347,0.0464,47,6105.2,5.91
2024-01-13,Android,UK,670,2015,0.0555,37,4941.0,7.37
2024-01-13,Android,DE,771,1945,0.0287,22,4717.55,6.12
2024-01-13,Web,US,1178,2580,0.0655,77,6704.95,5.69
2024-01-13,Web,UK,727,2019,0.0709,51,4795.15,6.6
2024-01-13,Web,DE,748,1725,0.0366,27,4099.35,5.48
2024-01-14,iOS,US,1353,3364,0.0838,113,7924.82,5.85
2024-01-14,iOS,UK,962,2625,0.0713,68,5956.3,6.19
2024-01-14,iOS,DE,826,2252,0.0364,30,5427.74,6.57
2024-01-14,Android,US,928,2481,0.057,52,5381.51,5.79
2024-01-14,Android,UK,602,1515,0.0523,31,4381.65,7.27
2024-01-14,Android,DE,676,1353,0.0391,26,3261.54,4.82
2024-01-14,Web,US,1040,2615,0.0632,65,6789.89,6.53
2024-01-14,Web,UK,951,2213,0.0636,60,4806.05,5.05
2024-01-14,Web,DE,733,2150,0.0195,14,3898.27,5.32
2024-01-15,iOS,US,1722,4352,0.0749,128,9379.22,5.44
2024-01-15,iOS,UK,1397,3634,0.0547,76,6521.84,4.67
2024-01-15,iOS,DE,1054,2760,0.0428,45,5557.4,5.27
2024-01-15,Android,US,1545,4266,0.0541,83,7197.1,4.66
2024-01-15,Android,UK,988,1865,0.034,33,4138.83,4.19
2024-01-15,Android,DE,787,1974,0.052,40,4222.85,5.36
2024-01-15,Web,US,1464,4024,0.0416,60,7447.25,5.09
2024-01-15,Web,UK,1220,2509,0.0604,73,5807.28,4.76
2024-01-15,Web,DE,873,2348,0.0619,54,4601.36,5.27
2024-01-16,iOS,US,1837,4122,0.0751,138,8133.23,4.43
2024-01-16,iOS,UK,1397,3634,0.0676,94,6185.03,4.42
2024-01-16,iOS,DE,1052,2323,0.0414,43,5340.68,5.07
2024-01-16,Android,US,1391,3094,0.0645,89,6956.86,5.0
2024-01-16,Android,UK,1053,3227,0.0352,37,4207.7,3.99
2024-01-16,Android,DE,632,1863,0.0409,25,3836.23,6.07
2024-01-16,Web,US,1490,3222,0.0865,128,7041.32,4.72
2024-01-16,Web,UK,1135,3086,0.0525,59,5478.64,4.82
2024-01-16,Web,DE,820,2168,0.057,46,4966.07,6.05
2024-01-17,iOS,US,1858,4678,0.085,157,7477.37,4.02
2024-01-17,iOS,UK,1592,3905,0.0527,83,5896.72,3.7
2024-01-17,iOS,DE,986,2708,0.0463,45,4477.24,4.54
2024-01-17,Android,US,1274,3056,0.0722,91,6112.91,4.8
2024-01-17,Android,UK,929,2254,0.04,37,3453.64,3.72
2024-01-17,Android,DE,858,2086,0.0411,35,4766.14,5.55
2024-01-17,Web,US,1672,4045,0.0506,84,8223.02,4.92
2024-01-17,Web,UK,1205,3018,0.0472,56,5434.69,4.51
2024-01-17,Web,DE,945,2200,0.0325,30,4252.14,4.5
2024-01-18,iOS,US,1660,4901,0.0459,76,9249.32,5.57
2024-01-18,iOS,UK,1421,2669,0.0523,74,6509.33,4.58
2024-01-18,iOS,DE,896,2033,0.0335,30,6232.17,6.95
2024-01-18,Android,US,1358,3913,0.0615,83,5963.15,4.39
2024-01-18,Android,UK,920,2436,0.0296,27,5377.79,5.84
2024-01-18,Android,DE,754,1800,0.0405,30,4239.16,5.62
2024-01-18,Web,US,1369,3898,0.0496,67,7560.94,5.52
2024-01-18,Web,UK,1140,2744,0.0497,56,4953.65,4.34
2024-01-18,Web,DE,957,2339,0.0319,30,4987.87,5.21
2024-01-19,iOS,US,1732,3666,0.0846,146,7086.07,4.09
2024-01-19,iOS,UK,1456,3732,0.0506,73,5979.11,4.11
2024-01-19,iOS,DE,1069,2660,0.0523,55,5058.37,4.73
2024-01-19,Android,US,1269,3034,0.0497,63,6249.18,4.92
2024-01-19,Android,UK,793,1663,0.0461,36,4774.11,6.01
2024-01-19,Android,DE,753,1887,0.0344,25,3481.06,4.62
2024-01-19,Web,US,1315,3366,0.0461,60,6976.66,5.3
2024-01-19,Web,UK,901,2532,0.0477,42,5337.65,5.92
2024-01-19,Web,DE,955,2867,0.0445,42,3247.27,3.4
2024-01-20,iOS,US,1349,3080,0.0823,111,8298.02,6.15
2024-01-20,iOS,UK,937,1947,0.0526,49,5997.78,6.4
2024-01-20,iOS,DE,701,1974,0.04,28,6655.09,9.49
2024-01-20,Android,US,1022,2613,0.0517,52,6856.94,6.7
2024-01-20,Android,UK,691,1753,0.072,49,4957.19,7.17
2024-01-20,Android,DE,713,1634,0.0368,26,4889.57,6.85
2024-01-20,Web,US,1018,3101,0.0741,75,6948.53,6.82
2024-01-20,Web,UK,895,2499,0.0578,51,4776.24,5.34
2024-01-20,Web,DE,592,1438,0.0405,24,4759.42,8.03
2024-01-21,iOS,US,1460,3895,0.0852,124,9215.43,6.31
2024-01-21,iOS,UK,1122,2781,0.0406,45,6982.86,6.22
2024-01-21,iOS,DE,881,2276,0.033,29,4873.91,5.53
2024-01-21,Android,US,1154,2872,0.0626,72,6613.01,5.73
2024-01-21,Android,UK,810,2253,0.0377,30,5124.1,6.33
2024-01-21,Android,DE,599,1420,0.0312,18,4171.9,6.96
2024-01-21,Web,US,1117,3216,0.053,59,7238.62,6.47
2024-01-21,Web,UK,852,2502,0.0496,42,6155.97,7.22
2024-01-21,Web,DE,568,1467,0.047,26,4553.18,8.0
2024-01-22,iOS,US,2055,4915,0.0695,142,9881.93,4.81
2024-01-22,iOS,UK,1562,3660,0.0527,82,6901.6,4.42
2024-01-22,iOS,DE,989,2200,0.0355,35,5250.1,5.31
2024-01-22,Android,US,1365,3510,0.071,96,6367.25,4.66
2024-01-22,Android,UK,1151,2805,0.0422,48,5619.28,4.88
2024-01-22,Android,DE,730,1909,0.0358,26,4471.72,6.12
2024-01-22,Web,US,1550,5017,0.0553,85,7363.87,4.75
2024-01-22,Web,UK,1107,2585,0.041,45,6463.25,5.83
2024-01-22,Web,DE,1078,2511,0.0296,31,4930.7,4.57
2024-01-23,iOS,US,1533,4546,0.1009,154,8430.62,5.5
2024-01-23,iOS,UK,1257,3252,0.0671,84,7050.05,5.61
2024-01-23,iOS,DE,1238,3029,0.0431,53,4686.96,3.79
2024-01-23,Android,US,1191,2965,0.0801,95,6293.95,5.28
2024-01-23,Android,UK,994,2482,0.0597,59,6304.05,6.34
2024-01-23,Android,DE,724,1705,0.0487,35,4373.41,6.03
2024-01-23,Web,US,1589,4251,0.0655,104,7576.17,4.77
2024-01-23,Web,UK,1191,3271,0.0582,69,6133.99,5.15
2024-01-23,Web,DE,981,2860,0.049,48,4396.96,4.48
2024-01-24,iOS,US,1782,4246,0.0877,156,9022.69,5.06
2024-01-24,iOS,UK,1362,3424,0.0536,73,6821.94,5.01
2024-01-24,iOS,DE,1139,3586,0.0507,57,5268.63,4.63
2024-01-24,Android,US,1334,3967,0.0646,86,6427.11,4.82
2024-01-24,Android,UK,1068,2730,0.046,49,4933.66,4.62
2024-01-24,Android,DE,913,2001,0.0417,38,3519.23,3.85
2024-01-24,Web,US,1574,3216,0.0673,105,7174.82,4.56
2024-01-24,Web,UK,1275,3164,0.0505,64,6314.59,4.95
2024-01-24,Web,DE,750,1381,0.0492,36,4048.18,5.39
2024-01-25,iOS,US,1588,3360,0.0922,146,9076.28,5.71
2024-01-25,iOS,UK,1255,3833,0.0535,67,5968.92,4.75
2024-01-25,iOS,DE,943,2344,0.0538,50,5264.73,5.58
2024-01-25,Android,US,1268,2695,0.0771,97,6522.31,5.14
2024-01-25,Android,UK,1060,2760,0.0528,55,5333.64,5.03
2024-01-25,Android,DE,803,2164,0.0518,41,4137.27,5.15
2024-01-25,Web,US,1441,3565,0.084,121,6954.46,4.82
2024-01-25,Web,UK,1234,3071,0.0392,48,5673.79,4.6
2024-01-25,Web,DE,775,2134,0.0363,28,4264.7,5.5
2024-01-26,iOS,US,1411,3849,0.0823,116,8039.12,5.7
2024-01-26,iOS,UK,1110,2760,0.0573,63,5441.12,4.9
2024-01-26,iOS,DE,1116,3084,0.0436,48,4829.68,4.33
2024-01-26,Android,US,1198,2261,0.0534,63,5528.8,4.61
2024-01-26,Android,UK,805,1945,0.0609,49,4835.65,6.0
2024-01-26,Android,DE,667,1782,0.0484,32,4074.5,6.11
2024-01-26,Web,US,1313,3029,0.069,90,6718.73,5.11
2024-01-26,Web,UK,1095,2947,0.0582,63,4749.3,4.33
2024-01-26,Web,DE,936,2397,0.0589,55,3668.94,3.92
2024-01-27,iOS,US,1458,3506,0.0917,133,8702.26,5.97
2024-01-27,iOS,UK,1101,2746,0.0887,97,7356.73,6.68
2024-01-27,iOS,DE,971,2438,0.055,53,5501.12,5.67
2024-01-27,Android,US,1027,2490,0.0489,50,6530.24,6.35
2024-01-27,Android,UK,934,2199,0.0662,61,4256.83,4.56
2024-01-27,Android,DE,549,1409,0.0509,27,4737.74,8.63
2024-01-27,Web,US,1209,3416,0.0725,87,6947.72,5.74
2024-01-27,Web,UK,1054,2842,0.0403,42,6149.07,5.83
2024-01-27,Web,DE,910,2106,0.0488,44,4575.65,5.02
2024-01-28,iOS,US,1402,3998,0.0865,121,8248.53,5.88
2024-01-28,iOS,UK,1157,1904,0.0739,85,5617.71,4.85
2024-01-28,iOS,DE,828,1792,0.0369,30,5770.47,6.97
2024-01-28,Android,US,1006,2621,0.0603,60,6563.9,6.52
2024-01-28,Android,UK,818,1730,0.0567,46,4618.8,5.65
2024-01-28,Android,DE,492,1168,0.0524,25,4317.65,8.76
2024-01-28,Web,US,1135,2720,0.0643,73,8066.57,7.1
2024-01-28,Web,UK,938,2467,0.0623,58,5525.7,5.89
2024-01-28,Web,DE,694,1695,0.0409,28,4306.43,6.2
2024-01-29,iOS,US,1788,4512,0.0584,104,9378.81,5.24
2024-01-29,iOS,UK,1416,3965,0.0313,44,7906.22,5.58
2024-01-29,iOS,DE,1091,3091,0.0379,41,5796.02,5.31
2024-01-29,Android,US,1241,2872,0.0779,96,6595.15,5.31
2024-01-29,Android,UK,1058,2921,0.0502,53,5221.74,4.93
2024-01-29,Android,DE,865,2788,0.0356,30,4217.77,4.87
2024-01-29,Web,US,1602,4536,0.0772,123,7753.24,4.84
2024-01-29,Web,UK,1037,3101,0.0388,40,5869.68,5.66
2024-01-29,Web,DE,845,2098,0.0435,36,4735.37,5.6
2024-01-30,iOS,US,1745,4868,0.1025,178,8210.09,4.7
2024-01-30,iOS,UK,1421,3851,0.0667,94,7475.46,5.26
2024-01-30,iOS,DE,1074,2725,0.054,58,5437.88,5.06
2024-01-30,Android,US,1217,2518,0.0839,102,6194.44,5.09
2024-01-30,Android,UK,921,1709,0.0459,42,4429.16,4.8
2024-01-30,Android,DE,981,2749,0.0349,34,5198.78,5.3
2024-01-30,Web,US,1573,3779,0.0505,79,8498.71,5.4
2024-01-30,Web,UK,995,1997,0.0683,67,6876.22,6.91
2024-01-30,Web,DE,1046,2792,0.0524,54,4951.78,4.73
2024-01-31,iOS,US,1792,4076,0.0774,138,7856.31,4.38
2024-01-31,iOS,UK,1374,3027,0.0507,69,6784.4,4.94
2024-01-31,iOS,DE,1246,3459,0.0336,41,4860.75,3.9
2024-01-31,Android,US,1443,3183,0.0579,83,6802.12,4.71
2024-01-31,Android,UK,941,2382,0.0329,30,4720.16,5.02
2024-01-31,Android,DE,862,1743,0.0414,35,4006.85,4.65
2024-01-31,Web,US,1554,3990,0.0805,125,7314.94,4.71
2024-01-31,Web,UK,1110,2816,0.0568,63,5603.14,5.05
2024-01-31,Web,DE,926,2121,0.0345,31,3761.67,4.06
2024-02-01,iOS,US,1813,5019,0.0653,118,9050.33,4.99
2024-02-01,iOS,UK,1382,3572,0.0442,61,7554.47,5.46
2024-02-01,iOS,DE,1041,2699,0.0484,50,5392.41,5.18
2024-02-01,Android,US,1395,3433,0.0517,72,6246.34,4.48
2024-02-01,Android,UK,1183,3744,0.0338,40,4176.52,3.53
2024-02-01,Android,DE,861,2819,0.0235,20,4708.69,5.47
2024-02-01,Web,US,1738,4057,0.0626,108,7836.25,4.51
2024-02-01,Web,UK,1170,2854,0.038,44,4894.2,4.18
2024-02-01,Web,DE,901,1923,0.0354,31,3936.27,4.37
2024-02-02,iOS,US,1836,3493,0.0696,127,9395.21,5.11
2024-02-02,iOS,UK,1227,3686,0.0549,67,6402.4,5.21
2024-02-02,iOS,DE,1073,2863,0.0413,44,5673.3,5.28
2024-02-02,Android,US,1223,3119,0.0353,43,6530.42,5.34
2024-02-02,Android,UK,921,2099,0.0504,46,5611.83,6.09
2024-02-02,Android,DE,870,1890,0.0272,23,4659.49,5.35
2024-02-02,Web,US,1475,4715,0.0588,86,7413.83,5.02
2024-02-02,Web,UK,1093,2776,0.0407,44,5983.14,5.47
2024-02-02,Web,DE,994,2252,0.0205,20,3585.16,3.6
2024-02-03,iOS,US,1460,4744,0.0763,111,8339.58,5.71
2024-02-03,iOS,UK,1101,2722,0.0679,74,5947.43,5.4
2024-02-03,iOS,DE,901,2341,0.0403,36,5370.07,5.96
2024-02-03,Android,US,1048,2384,0.0626,65,5491.01,5.23
2024-02-03,Android,UK,823,2055,0.0549,45,4806.77,5.84
2024-02-03,Android,DE,653,1794,0.0491,32,3934.44,6.02
2024-02-03,Web,US,1185,2498,0.053,62,6447.66,5.44
2024-02-03,Web,UK,850,2078,0.0495,42,5341.98,6.28
2024-02-03,Web,DE,722,1910,0.0398,28,3073.98,4.26
2024-02-04,iOS,US,1381,4088,0.0968,133,8140.58,5.89
2024-02-04,iOS,UK,1165,2966,0.0617,71,6037.38,5.18
2024-02-04,iOS,DE,783,1866,0.0537,42,5155.55,6.58
2024-02-04,Android,US,991,2608,0.0753,74,6660.26,6.72
2024-02-04,Android,UK,613,1064,0.0581,35,4074.62,6.64
2024-02-04,Android,DE,587,1262,0.021,12,4077.18,6.94
2024-02-04,Web,US,1177,2739,0.0446,52,6599.63,5.61
2024-02-04,Web,UK,886,1822,0.056,49,5279.08,5.96
2024-02-04,Web,DE,735,1865,0.0336,24,4827.67,6.56
2024-02-05,iOS,US,1675,3743,0.0761,127,9198.99,5.49
2024-02-05,iOS,UK,1185,2390,0.0745,88,6313.13,5.32
2024-02-05,iOS,DE,991,2787,0.0418,41,6047.24,6.1
2024-02-05,Android,US,1357,3195,0.0799,108,5954.49,4.39
2024-02-05,Android,UK,1066,2761,0.0579,61,5594.1,5.25
2024-02-05,Android,DE,796,1812,0.0405,32,3511.82,4.41
2024-02-05,Web,US,1634,4152,0.0612,99,7044.95,4.31
2024-02-05,Web,UK,967,2136,0.0619,59,5019.72,5.19
2024-02-05,Web,DE,777,2067,0.0517,40,4638.01,5.97
2024-02-06,iOS,US,1969,4733,0.0696,137,8837.87,4.49
2024-02-06,iOS,UK,1455,3837,0.0771,112,5965.76,4.1
2024-02-06,iOS,DE,1212,3052,0.0471,57,5794.25,4.78
2024-02-06,Android,US,1415,3767,0.0648,91,5947.85,4.2
2024-02-06,Android,UK,965,2111,0.0219,21,5743.74,5.95
2024-02-06,Android,DE,729,1775,0.0305,22,3926.21,5.38
2024-02-06,Web,US,1597,4407,0.0543,86,6727.92,4.21
2024-02-06,Web,UK,1194,2897,0.0623,74,5485.09,4.59
2024-02-06,Web,DE,1006,2716,0.0487,49,4282.19,4.25
2024-02-07,iOS,US,1568,4196,0.0935,146,8451.5,5.39
2024-02-07,iOS,UK,1277,3846,0.0648,82,7793.81,6.1
2024-02-07,iOS,DE,1054,2078,0.0575,60,5384.96,5.11
2024-02-07,Android,US,1344,3633,0.0595,79,5718.5,4.25
2024-02-07,Android,UK,914,2052,0.041,37,5164.02,5.65
2024-02-07,Android,DE,915,2396,0.0255,23,4118.08,4.5
2024-02-07,Web,US,1470,3407,0.0663,97,7041.4,4.79
2024-02-07,Web,UK,960,2588,0.0508,48,5620.58,5.85
2024-02-07,Web,DE,742,1758,0.0488,36,4142.23,5.58
2024-02-08,iOS,US,1976,4099,0.0573,113,7981.73,4.04
2024-02-08,iOS,UK,1574,3676,0.0832,130,6444.46,4.09
2024-02-08,iOS,DE,1177,3487,0.0661,77,6412.02,5.45
2024-02-08,Android,US,1533,4303,0.0621,95,6947.6,4.53
2024-02-08,Android,UK,1031,2324,0.0432,44,4959.84,4.81
2024-02-08,Android,DE,823,2231,0.0441,36,4080.15,4.95
2024-02-08,Web,US,1716,3704,0.0605,103,6928.72,4.04
2024-02-08,Web,UK,1020,2525,0.0468,47,6362.21,6.24
2024-02-08,Web,DE,1028,2255,0.0569,58,5094.91,4.95
2024-02-09,iOS,US,1746,4936,0.0951,166,9105.68,5.21
2024-02-09,iOS,UK,1323,2863,0.06,79,5526.6,4.18
2024-02-09,iOS,DE,1130,2775,0.0423,47,4331.3,3.83
2024-02-09,Android,US,1389,3250,0.0455,63,4814.41,3.47
2024-02-09,Android,UK,1026,3111,0.0606,62,4579.56,4.46
2024-02-09,Android,DE,763,2014,0.0252,19,3997.39,5.24
2024-02-09,Web,US,1563,4483,0.0625,97,6843.21,4.38
2024-02-09,Web,UK,1055,2377,0.0466,49,5526.03,5.23
2024-02-09,Web,DE,1006,2272,0.054,54,4138.32,4.11
2024-02-10,iOS,US,1473,4009,0.0766,112,7859.76,5.33
2024-02-10,iOS,UK,1117,2269,0.0558,62,6417.33,5.74
2024-02-10,iOS,DE,726,1881,0.0353,25,5049.38,6.95
2024-02-10,Android,US,1035,2086,0.0712,73,5502.4,5.31
2024-02-10,Android,UK,718,1838,0.0573,41,4007.24,5.58
2024-02-10,Android,DE,645,1696,0.0436,28,3700.34,5.73
2024-02-10,Web,US,1117,2516,0.067,74,5985.82,5.36
2024-02-10,Web,UK,595,1567,0.0599,35,3835.37,6.44
2024-02-10,Web,DE,609,1636,0.0613,37,4023.87,6.6
2024-02-11,iOS,US,1271,2874,0.0794,100,8666.63,6.82
2024-02-11,iOS,UK,1040,3107,0.068,70,6907.12,6.64
2024-02-11,iOS,DE,793,1610,0.0607,48,5587.72,7.05
2024-02-11,Android,US,984,3402,0.0662,65,6481.57,6.59
2024-02-11,Android,UK,728,2071,0.0497,36,4555.84,6.26
2024-02-11,Android,DE,708,1629,0.0576,40,4760.0,6.72
2024-02-11,Web,US,1068,3082,0.0709,75,8045.8,7.53
2024-02-11,Web,UK,905,2032,0.0476,43,6376.06,7.05
2024-02-11,Web,DE,651,1550,0.0336,21,4900.67,7.52
2024-02-12,iOS,US,2053,5084,0.0742,152,8143.87,3.97
2024-02-12,iOS,UK,1513,3699,0.0635,96,7266.82,4.8
2024-02-12,iOS,DE,1435,3838,0.0461,66,5435.69,3.79
2024-02-12,Android,US,1398,3638,0.0493,68,6590.53,4.71
2024-02-12,Android,UK,1234,2714,0.0516,63,5663.4,4.59
2024-02-12,Android,DE,870,1622,0.0261,22,4652.37,5.34
2024-02-12,Web,US,1591,3500,0.053,84,7649.53,4.81
2024-02-12,Web,UK,1280,3109,0.041,52,5365.06,4.19
2024-02-12,Web,DE,888,2651,0.0325,28,5057.33,5.69
2024-02-13,iOS,US,1905,4750,0.0767,146,8679.22,4.55
2024-02-13,iOS,UK,1316,3761,0.0613,80,6652.15,5.05
2024-02-13,iOS,DE,1176,2848,0.0587,68,5003.8,4.25
2024-02-13,Android,US,1486,3114,0.0656,97,7357.24,4.95
2024-02-13,Android,UK,976,2241,0.0546,53,5003.47,5.13
2024-02-13,Android,DE,895,2371,0.0459,41,4485.79,5.01
2024-02-13,Web,US,1595,3872,0.0782,124,8047.47,5.04
2024-02-13,Web,UK,1182,2610,0.0661,78,5399.45,4.57
2024-02-13,Web,DE,739,2036,0.0386,28,4322.45,5.85
2024-02-14,iOS,US,1718,4560,0.0769,132,9282.02,5.4
2024-02-14,iOS,UK,1417,3144,0.072,102,6587.87,4.65
2024-02-14,iOS,DE,1165,3041,0.0673,78,5372.95,4.61
2024-02-14,Android,US,1286,3209,0.0566,72,7084.43,5.51
2024-02-14,Android,UK,854,1867,0.0352,30,5617.04,6.57
2024-02-14,Android,DE,984,2430,0.035,34,4148.54,4.21
2024-02-14,Web,US,1584,3520,0.0686,108,7914.77,4.99
2024-02-14,Web,UK,1179,3016,0.061,71,4361.6,3.7
2024-02-14,Web,DE,971,2237,0.0225,21,4826.17,4.97
2024-02-15,iOS,US,2360,6831,0.1058,249,11101.39,4.7
2024-02-15,iOS,UK,1699,3431,0.0663,112,7832.48,4.61
2024-02-15,iOS,DE,1570,3843,0.0563,88,6879.02,4.38
2024-02-15,Android,US,1653,4975,0.0608,100,8145.05,4.93
2024-02-15,Android,UK,1194,2513,0.0455,54,6172.06,5.17
2024-02-15,Android,DE,972,2228,0.0272,26,4910.91,5.05
2024-02-15,Web,US,1682,4588,0.0753,126,8213.17,4.88
2024-02-15,Web,UK,1378,3135,0.0605,83,7548.64,5.48
2024-02-15,Web,DE,940,2382,0.0442,41,5838.4,6.21
2024-02-16,iOS,US,2018,5698,0.0848,171,11239.99,5.57
2024-02-16,iOS,UK,1608,3678,0.05,80,7013.35,4.36
2024-02-16,iOS,DE,1132,2923,0.0572,64,5541.34,4.89
2024-02-16,Android,US,1663,3917,0.0649,108,8523.16,5.12
2024-02-16,Android,UK,1300,3146,0.0399,51,4860.28,3.74
2024-02-16,Android,DE,896,2184,0.0292,26,4683.32,5.22
2024-02-16,Web,US,1756,4272,0.064,112,8658.82,4.93
2024-02-16,Web,UK,1389,3018,0.0683,94,6546.47,4.71
2024-02-16,Web,DE,1078,2924,0.0457,49,5753.18,5.34
2024-02-17,iOS,US,1569,3974,0.0939,147,10421.26,6.64
2024-02-17,iOS,UK,1282,2482,0.067,85,8142.82,6.35
2024-02-17,iOS,DE,1052,2306,0.0707,74,6044.03,5.74
2024-02-17,Android,US,1359,3573,0.0642,87,8781.65,6.46
2024-02-17,Android,UK,852,2365,0.0644,54,5736.99,6.73
2024-02-17,Android,DE,916,2222,0.0464,42,4988.0,5.44
2024-02-17,Web,US,1389,3812,0.0865,120,7896.84,5.68
2024-02-17,Web,UK,1209,2421,0.0708,85,7310.35,6.04
2024-02-17,Web,DE,754,1793,0.0373,28,5290.14,7.01
2024-02-18,iOS,US,1782,4154,0.1041,185,10012.52,5.62
2024-02-18,iOS,UK,1182,3299,0.0979,115,7732.24,6.54
2024-02-18,iOS,DE,951,2371,0.0682,64,6274.73,6.59
2024-02-18,Android,US,1274,3004,0.0795,101,8413.82,6.6
2024-02-18,Android,UK,948,2246,0.0602,57,6217.88,6.56
2024-02-18,Android,DE,721,1746,0.065,46,5290.11,7.34
2024-02-18,Web,US,1339,3628,0.0852,114,9631.76,7.19
2024-02-18,Web,UK,1089,2689,0.0726,79,6172.41,5.66
2024-02-18,Web,DE,729,1562,0.0559,40,6432.53,8.82
2024-02-19,iOS,US,2093,4892,0.0876,183,10263.2,4.9
2024-02-19,iOS,UK,1731,4084,0.0536,92,8507.51,4.91
2024-02-19,iOS,DE,1291,3322,0.0795,102,6047.15,4.68
2024-02-19,Android,US,1452,3505,0.0826,119,8909.39,6.14
2024-02-19,Android,UK,1188,3148,0.0504,59,6047.19,5.09
2024-02-19,Android,DE,1313,2691,0.0466,61,5113.98,3.89
2024-02-19,Web,US,2003,5066,0.0826,165,8615.53,4.3
2024-02-19,Web,UK,1484,3557,0.0674,100,6593.16,4.44
2024-02-19,Web,DE,1203,2998,0.0602,72,5396.68,4.48
2024-02-20,iOS,US,1860,4319,0.1141,212,9018.18,4.85
2024-02-20,iOS,UK,1795,5057,0.0794,142,7731.02,4.31
2024-02-20,iOS,DE,1213,3224,0.0682,82,6484.58,5.34
2024-02-20,Android,US,1453,3548,0.0737,107,7467.06,5.14
2024-02-20,Android,UK,1224,3279,0.0285,34,6146.8,5.02
2024-02-20,Android,DE,908,2266,0.0424,38,5217.14,5.74
2024-02-20,Web,US,1700,3855,0.0877,149,7919.18,4.66
2024-02-20,Web,UK,1096,2535,0.0729,79,6941.96,6.33
2024-02-20,Web,DE,1039,2823,0.0566,58,4851.57,4.67
2024-02-21,iOS,US,2236,6066,0.1002,224,11196.56,5.01
2024-02-21,iOS,UK,1626,3635,0.0728,118,7828.69,4.81
2024-02-21,iOS,DE,1235,3035,0.0516,63,6406.93,5.19
2024-02-21,Android,US,1398,3586,0.0726,101,7587.57,5.42
2024-02-21,Android,UK,1287,3580,0.0397,51,5769.5,4.48
2024-02-21,Android,DE,900,1997,0.0529,47,4823.77,5.36
2024-02-21,Web,US,1738,3300,0.087,151,8264.94,4.76
2024-02-21,Web,UK,1363,3521,0.0756,103,6179.88,4.53
2024-02-21,Web,DE,783,2003,0.0676,52,6086.9,7.76
2024-02-22,iOS,US,2000,5287,0.0917,183,11209.91,5.6
2024-02-22,iOS,UK,1889,4947,0.0616,116,8202.45,4.34
2024-02-22,iOS,DE,1114,2553,0.0492,54,6310.14,5.66
2024-02-22,Android,US,1588,3580,0.0762,121,8009.96,5.04
2024-02-22,Android,UK,1209,2904,0.0515,62,6573.97,5.44
2024-02-22,Android,DE,881,2030,0.037,32,4256.2,4.83
2024-02-22,Web,US,1666,3928,0.0809,134,9031.12,5.42
2024-02-22,Web,UK,1364,3759,0.0542,73,7041.26,5.16
2024-02-22,Web,DE,1065,2748,0.0386,41,4257.41,4.0
2024-02-23,iOS,US,2164,6215,0.1025,221,10819.75,5.0
2024-02-23,iOS,UK,1529,3678,0.0843,128,8848.93,5.79
2024-02-23,iOS,DE,1258,2977,0.0625,78,6898.2,5.48
2024-02-23,Android,US,1406,2548,0.0707,99,7430.46,5.28
2024-02-23,Android,UK,1142,2805,0.0541,61,6911.48,6.05
2024-02-23,Android,DE,987,2557,0.0531,52,4378.78,4.44
2024-02-23,Web,US,1827,4527,0.0914,166,8398.31,4.6
2024-02-23,Web,UK,1170,3213,0.0689,80,6421.47,5.49
2024-02-23,Web,DE,973,2763,0.0402,39,6319.33,6.49
2024-02-24,iOS,US,1661,3883,0.1034,171,10306.54,6.2
2024-02-24,iOS,UK,1131,3080,0.0756,85,7798.07,6.89
2024-02-24,iOS,DE,886,1534,0.0627,55,7536.2,8.5
2024-02-24,Android,US,1279,3191,0.0761,97,7725.79,6.04
2024-02-24,Android,UK,978,2100,0.0717,70,6291.97,6.43
2024-02-24,Android,DE,810,2134,0.0487,39,5083.85,6.27
2024-02-24,Web,US,1393,3336,0.0818,113,8622.66,6.19
2024-02-24,Web,UK,1181,2514,0.0526,62,6676.02,5.65
2024-02-24,Web,DE,826,2108,0.0563,46,5163.31,6.25
2024-02-25,iOS,US,1756,3526,0.084,147,10943.52,6.23
2024-02-25,iOS,UK,1361,3498,0.0534,72,7470.89,5.49
2024-02-25,iOS,DE,1050,2525,0.0656,68,6502.1,6.19
2024-02-25,Android,US,1214,3125,0.0693,84,8154.67,6.72
2024-02-25,Android,UK,1177,2585,0.0414,48,5205.51,4.42
2024-02-25,Android,DE,792,2091,0.0495,39,4629.46,5.84
2024-02-25,Web,US,1440,3667,0.0631,90,9472.09,6.57
2024-02-25,Web,UK,972,2484,0.0752,73,6485.96,6.67
2024-02-25,Web,DE,887,2123,0.0422,37,5872.47,6.62
2024-02-26,iOS,US,1861,4414,0.1083,201,9107.3,4.89
2024-02-26,iOS,UK,1498,4657,0.0652,97,7715.13,5.15
2024-02-26,iOS,DE,1095,2879,0.0632,69,5775.48,5.27
2024-02-26,Android,US,1465,4455,0.0749,109,7789.65,5.32
2024-02-26,Android,UK,960,2124,0.0638,61,6457.27,6.73
2024-02-26,Android,DE,907,2182,0.0473,42,3946.96,4.35
2024-02-26,Web,US,1634,4517,0.0808,132,8020.28,4.91
2024-02-26,Web,UK,1237,2930,0.065,80,7400.09,5.98
2024-02-26,Web,DE,943,2257,0.0461,43,5452.28,5.78
2024-02-27,iOS,US,2206,5118,0.0667,147,11361.81,5.15
2024-02-27,iOS,UK,1519,4159,0.046,69,8798.65,5.79
2024-02-27,iOS,DE,1149,3124,0.0527,60,6204.91,5.4
2024-02-27,Android,US,1507,4079,0.0651,98,8435.75,5.6
2024-02-27,Android,UK,1388,2819,0.0654,90,6316.44,4.55
2024-02-27,Android,DE,862,1812,0.0375,32,5472.23,6.34
2024-02-27,Web,US,1707,5042,0.0567,96,9042.33,5.3
2024-02-27,Web,UK,1198,3125,0.0636,76,6749.91,5.63
2024-02-27,Web,DE,798,2043,0.0482,38,5770.38,7.23
2024-02-28,iOS,US,2306,4535,0.0853,196,10383.72,4.5
2024-02-28,iOS,UK,1674,4360,0.0583,97,7843.54,4.68
2024-02-28,iOS,DE,1349,2933,0.0397,53,6884.8,5.1
2024-02-28,Android,US,1525,4118,0.0662,101,7113.95,4.66
2024-02-28,Android,UK,1194,3412,0.0376,44,5903.84,4.94
2024-02-28,Android,DE,1055,2887,0.0354,37,4610.08,4.37
2024-02-28,Web,US,1964,5937,0.0782,153,8905.83,4.53
2024-02-28,Web,UK,1321,2973,0.0579,76,7027.02,5.32
2024-02-28,Web,DE,1261,3400,0.0271,34,5980.23,4.74
2024-02-29,iOS,US,2193,7528,0.0936,205,10395.14,4.74
2024-02-29,iOS,UK,1586,4389,0.0641,101,8964.33,5.65
2024-02-29,iOS,DE,1249,3311,0.0605,75,6664.17,5.33
2024-02-29,Android,US,1579,3655,0.06,94,7314.97,4.63
2024-02-29,Android,UK,1194,3264,0.055,65,6887.29,5.77
2024-02-29,Android,DE,919,2483,0.0295,27,4646.48,5.05
2024-02-29,Web,US,1730,4767,0.07,121,8703.15,5.03
2024-02-29,Web,UK,1126,2694,0.065,73,7009.87,6.22
2024-02-29,Web,DE,1072,2696,0.0449,48,5047.65,4.71
2024-03-01,iOS,US,2087,3871,0.1047,218,10331.15,4.95
2024-03-01,iOS,UK,1560,4225,0.0682,106,8661.17,5.55
2024-03-01,iOS,DE,1378,3730,0.044,60,7110.94,5.16
2024-03-01,Android,US,1631,3898,0.0718,117,7039.81,4.31
2024-03-01,Android,UK,1275,2795,0.0406,51,5337.22,4.18
2024-03-01,Android,DE,1099,2540,0.0586,64,4610.82,4.19
2024-03-01,Web,US,1613,3492,0.0905,145,8730.86,5.41
2024-03-01,Web,UK,1317,3356,0.0651,85,7334.7,5.57
2024-03-01,Web,DE,1242,2972,0.0348,43,5214.07,4.2
2024-03-02,iOS,US,1716,4266,0.0916,157,9688.94,5.64
2024-03-02,iOS,UK,1270,2824,0.0791,100,8262.38,6.5
2024-03-02,iOS,DE,850,1889,0.0412,35,5870.8,6.9
2024-03-02,Android,US,1253,2587,0.0592,74,7049.16,5.62
2024-03-02,Android,UK,991,2498,0.0454,45,5896.98,5.95
2024-03-02,Android,DE,721,1745,0.0589,42,5317.09,7.37
2024-03-02,Web,US,1271,3495,0.0842,107,7816.02,6.15
2024-03-02,Web,UK,1160,3435,0.0473,54,5995.22,5.17
2024-03-02,Web,DE,964,2489,0.0523,50,5333.47,5.53
2024-03-03,iOS,US,1808,4395,0.0877,158,9997.52,5.53
2024-03-03,iOS,UK,1352,3612,0.0672,90,8841.46,6.54
2024-03-03,iOS,DE,1007,2688,0.044,44,6611.65,6.56
2024-03-03,Android,US,1250,3211,0.0624,78,8006.57,6.4
2024-03-03,Android,UK,1058,2506,0.0348,36,7084.26,6.69
2024-03-03,Android,DE,918,1940,0.0476,43,4716.08,5.13
2024-03-03,Web,US,1435,3715,0.0711,102,8577.34,5.97
2024-03-03,Web,UK,1014,2258,0.0482,48,6865.81,6.76
2024-03-03,Web,DE,795,2151,0.0601,47,5229.5,6.57
2024-03-04,iOS,US,2108,5740,0.0992,209,9944.8,4.72
2024-03-04,iOS,UK,1702,4710,0.065,110,8144.84,4.78
2024-03-04,iOS,DE,1361,3317,0.0688,93,7682.63,5.64
2024-03-04,Android,US,1496,3122,0.0738,110,8283.5,5.53
2024-03-04,Android,UK,1188,3490,0.0411,48,6440.86,5.42
2024-03-04,Android,DE,908,2741,0.0635,57,4492.19,4.94
2024-03-04,Web,US,1695,4676,0.0748,126,8780.32,5.18
2024-03-04,Web,UK,1349,2595,0.0604,81,6426.69,4.76
2024-03-04,Web,DE,1027,3015,0.0358,36,5823.85,5.67
2024-03-05,iOS,US,2089,5582,0.098,204,10508.34,5.03
2024-03-05,iOS,UK,1520,3305,0.0597,90,9685.31,6.37
2024-03-05,iOS,DE,1389,2910,0.0411,57,6809.55,4.9
2024-03-05,Android,US,1596,4254,0.0637,101,7942.77,4.97
2024-03-05,Android,UK,1218,3078,0.0287,35,6043.17,4.96
2024-03-05,Android,DE,863,2204,0.0706,60,5110.2,5.92
2024-03-05,Web,US,1681,4669,0.0784,131,9105.04,5.41
2024-03-05,Web,UK,1378,4296,0.0453,62,7079.12,5.14
2024-03-05,Web,DE,961,2564,0.0361,34,5265.16,5.48
2024-03-06,iOS,US,1929,4856,0.091,175,10089.15,5.23
2024-03-06,iOS,UK,1558,3752,0.0997,155,8461.4,5.43
2024-03-06,iOS,DE,1126,2625,0.0706,79,7640.16,6.78
2024-03-06,Android,US,1382,2676,0.0923,127,8233.61,5.96
2024-03-06,Android,UK,1098,2922,0.0302,33,6185.38,5.63
2024-03-06,Android,DE,980,2724,0.0351,34,4989.8,5.09
2024-03-06,Web,US,1619,4172,0.0728,117,8727.95,5.39
2024-03-06,Web,UK,1217,3281,0.0715,86,6753.46,5.55
2024-03-06,Web,DE,1057,2183,0.0473,50,5471.51,5.17
2024-03-07,iOS,US,2406,6219,0.0994,239,11093.63,4.61
2024-03-07,iOS,UK,1813,4505,0.0752,136,8938.68,4.93
2024-03-07,iOS,DE,1357,2855,0.0483,65,6312.34,4.65
2024-03-07,Android,US,1723,4950,0.0568,97,8159.27,4.73
2024-03-07,Android,UK,1336,3682,0.0247,33,5989.49,4.48
2024-03-07,Android,DE,1085,3105,0.0328,35,4095.99,3.77
2024-03-07,Web,US,1984,4583,0.0563,111,8777.48,4.42
2024-03-07,Web,UK,1460,3386,0.0304,44,7440.57,5.09
2024-03-07,Web,DE,1310,3532,0.0306,40,5492.89,4.19
2024-03-08,iOS,US,2006,5064,0.0997,200,11359.6,5.66
2024-03-08,iOS,UK,1670,4570,0.074,123,8883.45,5.32
2024-03-08,iOS,DE,1320,2960,0.0726,95,6891.53,5.22
2024-03-08,Android,US,1515,3570,0.0743,112,8205.36,5.42
2024-03-08,Android,UK,1219,3162,0.0719,87,6669.44,5.47
2024-03-08,Android,DE,978,2723,0.0336,32,5105.9,5.22
2024-03-08,Web,US,1913,4659,0.0708,135,8533.7,4.46
2024-03-08,Web,UK,1224,2771,0.0573,70,6112.4,4.99
2024-03-08,Web,DE,1067,2958,0.0397,42,6211.79,5.82
2024-03-09,iOS,US,1784,3877,0.1173,209,10257.87,5.75
2024-03-09,iOS,UK,1362,2925,0.0744,101,8123.19,5.96
2024-03-09,iOS,DE,950,2509,0.053,50,6683.75,7.03
2024-03-09,Android,US,1151,3069,0.0875,100,7280.58,6.32
2024-03-09,Android,UK,1038,2677,0.0571,59,5364.16,5.16
2024-03-09,Android,DE,588,1531,0.0344,20,4742.42,8.06
2024-03-09,Web,US,1389,3757,0.0873,121,8311.9,5.98
2024-03-09,Web,UK,1162,3023,0.0726,84,6755.12,5.81
2024-03-09,Web,DE,717,1957,0.0617,44,4708.04,6.56
2024-03-10,iOS,US,1680,4922,0.11,184,9697.26,5.77
2024-03-10,iOS,UK,1329,3852,0.0802,106,8509.62,6.4
2024-03-10,iOS,DE,1214,3410,0.0635,77,6893.85,5.67
2024-03-10,Android,US,1249,3133,0.0709,88,8546.74,6.84
2024-03-10,Android,UK,868,2570,0.0622,54,5273.45,6.07
2024-03-10,Android,DE,796,1490,0.052,41,5221.1,6.55
2024-03-10,Web,US,1313,3331,0.1022,134,8374.94,6.38
2024-03-10,Web,UK,949,2797,0.0832,79,6638.63,6.99
2024-03-10,Web,DE,945,2745,0.0434,41,5066.77,5.36
2024-03-11,iOS,US,2098,6497,0.0983,206,10427.56,4.97
2024-03-11,iOS,UK,1716,5090,0.0882,151,8357.53,4.87
2024-03-11,iOS,DE,1391,3498,0.0693,96,5255.3,3.78
2024-03-11,Android,US,1610,4142,0.0662,106,8139.51,5.05
2024-03-11,Android,UK,1241,3756,0.0755,93,5879.67,4.74
2024-03-11,Android,DE,994,2463,0.0433,43,4987.57,5.02
2024-03-11,Web,US,1746,3773,0.0926,161,9144.04,5.24
2024-03-11,Web,UK,1321,3658,0.0601,79,6918.33,5.24
2024-03-11,Web,DE,1203,2996,0.0577,69,5175.19,4.3
2024-03-12,iOS,US,2045,4163,0.084,171,9998.75,4.89
2024-03-12,iOS,UK,1561,3790,0.0677,105,8040.63,5.15
2024-03-12,iOS,DE,1356,3127,0.0427,57,5719.71,4.22
2024-03-12,Android,US,1498,3588,0.059,88,6957.83,4.64
2024-03-12,Android,UK,1144,2923,0.0572,65,5571.97,4.87
2024-03-12,Android,DE,910,2023,0.0407,37,4256.33,4.67
2024-03-12,Web,US,1776,3489,0.0705,125,8601.54,4.84
2024-03-12,Web,UK,1340,4435,0.0605,81,5998.73,4.47
2024-03-12,Web,DE,1048,2062,0.0448,46,4784.08,4.56
2024-03-13,iOS,US,2095,6332,0.083,173,11275.8,5.38
2024-03-13,iOS,UK,1742,4608,0.07,121,8165.76,4.69
2024-03-13,iOS,DE,1136,2745,0.0615,69,6350.64,5.59
2024-03-13,Android,US,1478,3674,0.0817,120,8393.09,5.67
2024-03-13,Android,UK,1239,3452,0.0461,57,5124.71,4.13
2024-03-13,Android,DE,904,2684,0.037,33,4659.63,5.15
2024-03-13,Web,US,1769,5434,0.0881,155,9742.32,5.51
2024-03-13,Web,UK,1368,3542,0.0401,54,7379.19,5.39
2024-03-13,Web,DE,990,2540,0.0332,32,5018.14,5.07
2024-03-14,iOS,US,1952,5369,0.0747,145,10323.37,5.29
2024-03-14,iOS,UK,1665,3908,0.0588,97,7740.97,4.65
2024-03-14,iOS,DE,1353,3462,0.0475,64,6526.93,4.82
2024-03-14,Android,US,1395,3773,0.0684,95,7505.92,5.38
2024-03-14,Android,UK,1074,2399,0.0548,58,6506.67,6.06
2024-03-14,Android,DE,862,2275,0.0187,16,4421.43,5.12
2024-03-14,Web,US,1669,3718,0.0621,103,8177.03,4.9
2024-03-14,Web,UK,1316,3216,0.0326,42,5486.51,4.17
2024-03-14,Web,DE,968,2554,0.0165,15,4987.62,5.15
2024-03-15,iOS,US,2072,5269,0.08,165,10650.63,5.14
2024-03-15,iOS,UK,1586,4208,0.1172,185,6855.27,4.32
2024-03-15,iOS,DE,1424,3438,0.0652,92,6295.11,4.42
2024-03-15,Android,US,1483,3454,0.0793,117,6941.31,4.68
2024-03-15,Android,UK,1248,2965,0.0471,58,5697.99,4.56
2024-03-15,Android,DE,1064,2490,0.0503,53,4372.92,4.11
2024-03-15,Web,US,1771,4792,0.1029,182,8467.66,4.78
2024-03-15,Web,UK,1370,3467,0.0779,106,6221.69,4.54
2024-03-15,Web,DE,1117,2729,0.0513,57,5310.76,4.75
2024-03-16,iOS,US,1839,5142,0.1072,197,10246.66,5.57
2024-03-16,iOS,UK,1204,3356,0.0846,101,8793.59,7.3
2024-03-16,iOS,DE,974,2368,0.0442,43,6249.57,6.41
2024-03-16,Android,US,1360,3211,0.0803,109,7760.57,5.7
2024-03-16,Android,UK,1002,2161,0.0577,57,4547.37,4.54
2024-03-16,Android,DE,757,1522,0.0575,43,5223.06,6.9
2024-03-16,Web,US,1447,4280,0.0726,105,9602.38,6.63
2024-03-16,Web,UK,1171,2844,0.0745,87,6161.23,5.26
2024-03-16,Web,DE,779,1807,0.0452,35,4843.23,6.21
2024-03-17,iOS,US,1691,3305,0.1,169,9566.07,5.65
2024-03-17,iOS,UK,1338,2796,0.0947,126,8549.68,6.39
2024-03-17,iOS,DE,1086,3128,0.0514,55,6746.94,6.21
2024-03-17,Android,US,1331,3434,0.0857,114,8257.9,6.2
2024-03-17,Android,UK,1037,2079,0.0465,48,6009.15,5.79
2024-03-17,Android,DE,816,1764,0.069,56,5614.6,6.88
2024-03-17,Web,US,1517,3826,0.079,119,8292.54,5.46
2024-03-17,Web,UK,1128,2909,0.05,56,6912.09,6.12
2024-03-17,Web,DE,881,1698,0.0413,36,5189.2,5.89
2024-03-18,iOS,US,2292,4666,0.1056,242,9701.47,4.23
2024-03-18,iOS,UK,1716,4973,0.0601,103,6945.31,4.05
2024-03-18,iOS,DE,1322,3717,0.0432,57,4699.02,3.55
2024-03-18,Android,US,1637,4365,0.0831,136,7221.19,4.41
2024-03-18,Android,UK,1253,3566,0.036,45,5538.64,4.42
2024-03-18,Android,DE,1054,2778,0.0387,40,4603.54,4.37
2024-03-18,Web,US,1620,3732,0.0836,135,7789.71,4.81
2024-03-18,Web,UK,1444,3803,0.0574,82,6455.12,4.47
2024-03-18,Web,DE,1054,2570,0.0547,57,5174.4,4.91
2024-03-19,iOS,US,1824,5194,0.0889,162,10860.48,5.95
2024-03-19,iOS,UK,1680,3509,0.0639,107,8046.29,4.79
2024-03-19,iOS,DE,1170,3534,0.0482,56,6274.68,5.36
2024-03-19,Android,US,1542,3299,0.0652,100,8144.53,5.28
2024-03-19,Android,UK,1137,2811,0.0479,54,5385.69,4.74
2024-03-19,Android,DE,968,2931,0.0428,41,5026.97,5.19
2024-03-19,Web,US,1760,3730,0.0939,165,8974.27,5.1
2024-03-19,Web,UK,1463,3337,0.0773,113,7213.05,4.93
2024-03-19,Web,DE,1095,2816,0.0448,49,6060.64,5.53
2024-03-20,iOS,US,2073,5376,0.0746,154,10622.19,5.12
2024-03-20,iOS,UK,1414,3596,0.0396,56,8081.94,5.71
2024-03-20,iOS,DE,1278,3355,0.0376,48,6801.4,5.32
2024-03-20,Android,US,1673,4476,0.0551,92,7799.46,4.66
2024-03-20,Android,UK,1136,3132,0.0598,68,6311.87,5.55
2024-03-20,Android,DE,892,2328,0.0217,19,4907.45,5.5
2024-03-20,Web,US,1788,3468,0.051,91,8202.35,4.59
2024-03-20,Web,UK,1311,2801,0.0521,68,6544.14,4.99
2024-03-20,Web,DE,1053,2394,0.049,51,5962.43,5.66
2024-03-21,iOS,US,2002,4921,0.0931,186,9615.61,4.8
2024-03-21,iOS,UK,1699,4286,0.0618,105,8086.37,4.76
2024-03-21,iOS,DE,1250,2476,0.0677,84,6525.45,5.22
2024-03-21,Android,US,1572,4381,0.0541,85,8164.45,5.19
2024-03-21,Android,UK,1149,3164,0.0282,32,6048.69,5.26
2024-03-21,Android,DE,880,2315,0.0443,38,4524.78,5.14
2024-03-21,Web,US,1627,4013,0.0625,101,9229.56,5.67
2024-03-21,Web,UK,1269,2066,0.0512,64,6256.55,4.93
2024-03-21,Web,DE,882,1877,0.045,39,6084.98,6.9
2024-03-22,iOS,US,2061,4723,0.0742,152,9682.13,4.7
2024-03-22,iOS,UK,1581,4029,0.065,102,7913.59,5.0
2024-03-22,iOS,DE,1202,3224,0.0396,47,6885.27,5.73
2024-03-22,Android,US,1480,3366,0.0496,73,7667.83,5.18
2024-03-22,Android,UK,1313,3486,0.0593,77,6352.25,4.84
2024-03-22,Android,DE,862,2069,0.0318,27,5538.23,6.42
2024-03-22,Web,US,1636,4529,0.0804,131,9713.18,5.94
2024-03-22,Web,UK,1309,3554,0.0778,101,6459.16,4.93
2024-03-22,Web,DE,927,1794,0.0511,47,4472.81,4.82
2024-03-23,iOS,US,1680,4313,0.1161,195,9988.04,5.94
2024-03-23,iOS,UK,1192,2704,0.0877,104,8499.58,7.13
2024-03-23,iOS,DE,1053,3007,0.0518,54,7273.12,6.91
2024-03-23,Android,US,1380,3757,0.0953,131,7019.83,5.08
2024-03-23,Android,UK,892,2034,0.0668,59,5511.96,6.17
2024-03-23,Android,DE,831,2421,0.0546,45,4971.5,5.98
2024-03-23,Web,US,1266,2844,0.0986,124,9109.84,7.19
2024-03-23,Web,UK,1046,2484,0.0459,48,6172.39,5.9
2024-03-23,Web,DE,1031,2181,0.0549,56,5869.98,5.69
2024-03-24,iOS,US,1578,5303,0.0844,133,11254.51,7.13
2024-03-24,iOS,UK,1195,3266,0.0822,98,7883.53,6.59
2024-03-24,iOS,DE,993,1929,0.0683,67,6749.17,6.79
2024-03-24,Android,US,1246,3512,0.0795,99,8117.9,6.51
2024-03-24,Android,UK,821,1878,0.0702,57,6905.75,8.4
2024-03-24,Android,DE,704,1769,0.0376,26,5536.44,7.86
2024-03-24,Web,US,1380,4255,0.0755,104,8748.62,6.34
2024-03-24,Web,UK,1034,2785,0.0627,64,6438.61,6.23
2024-03-24,Web,DE,896,2436,0.0427,38,6177.8,6.89
2024-03-25,iOS,US,2236,5013,0.0918,205,9351.4,4.18
2024-03-25,iOS,UK,1765,3587,0.0854,150,7856.17,4.45
2024-03-25,iOS,DE,1321,3054,0.0534,70,7126.25,5.39
2024-03-25,Android,US,1387,3999,0.072,99,7217.18,5.2
2024-03-25,Android,UK,1150,3456,0.0433,49,5439.24,4.73
2024-03-25,Android,DE,1120,2915,0.0329,36,4921.05,4.39
2024-03-25,Web,US,1715,4854,0.0869,149,8955.66,5.22
2024-03-25,Web,UK,1434,4344,0.0587,84,6093.42,4.25
2024-03-25,Web,DE,1163,3637,0.0368,42,5166.75,4.44
2024-03-26,iOS,US,2228,7121,0.092,205,9607.43,4.31
2024-03-26,iOS,UK,1472,3796,0.0803,118,7975.64,5.42
2024-03-26,iOS,DE,1301,3024,0.0445,57,6607.82,5.08
2024-03-26,Android,US,1678,3417,0.0834,140,7831.64,4.67
2024-03-26,Android,UK,1360,2854,0.0383,52,5729.05,4.21
2024-03-26,Android,DE,1026,3120,0.0486,49,4521.49,4.4
2024-03-26,Web,US,1660,4764,0.0654,108,9197.12,5.54
2024-03-26,Web,UK,1328,3953,0.0645,85,6379.88,4.8
2024-03-26,Web,DE,1033,2477,0.0505,52,5197.28,5.03
2024-03-27,iOS,US,1815,4788,0.0794,144,9850.57,5.43
2024-03-27,iOS,UK,1391,2730,0.0551,76,7666.44,5.51
2024-03-27,iOS,DE,1443,3381,0.0567,81,6617.0,4.58
2024-03-27,Android,US,1534,3800,0.0549,84,8545.89,5.57
2024-03-27,Android,UK,1351,2695,0.0412,55,5875.81,4.35
2024-03-27,Android,DE,839,2226,0.0339,28,5895.1,7.02
2024-03-27,Web,US,1809,4639,0.0846,153,9242.32,5.11
2024-03-27,Web,UK,1243,2805,0.058,72,7114.95,5.72
2024-03-27,Web,DE,1054,2136,0.0377,39,5310.32,5.04
2024-03-28,iOS,US,2124,6258,0.1286,273,9717.33,4.58
2024-03-28,iOS,UK,1644,4391,0.0834,137,7580.98,4.61
2024-03-28,iOS,DE,1319,2296,0.072,94,6167.41,4.67
2024-03-28,Android,US,1532,4773,0.0727,111,7238.11,4.72
2024-03-28,Android,UK,1395,3140,0.0556,77,5649.29,4.05
2024-03-28,Android,DE,1041,2667,0.0359,37,4312.16,4.14
2024-03-28,Web,US,1667,4129,0.0925,154,8475.37,5.08
2024-03-28,Web,UK,1151,3246,0.0704,81,7050.94,6.12
2024-03-28,Web,DE,1107,3135,0.059,65,5760.05,5.2
2024-03-29,iOS,US,2214,5916,0.077,170,10543.62,4.76
2024-03-29,iOS,UK,1664,4232,0.0629,104,8676.47,5.21
2024-03-29,iOS,DE,1466,3972,0.0438,64,6829.03,4.66
2024-03-29,Android,US,1513,3607,0.0632,95,8152.01,5.39
2024-03-29,Android,UK,1100,2709,0.0462,50,4989.76,4.53
2024-03-29,Android,DE,1186,3352,0.0376,44,5173.0,4.36
2024-03-29,Web,US,1653,4976,0.0937,155,9401.49,5.68
2024-03-29,Web,UK,1464,3738,0.0441,64,6965.74,4.76
2024-03-29,Web,DE,1103,2607,0.0438,48,5691.62,5.16
2024-03-30,iOS,US,1586,3355,0.1098,174,8979.5,5.66
2024-03-30,iOS,UK,1391,4056,0.0739,102,6415.6,4.61
2024-03-30,iOS,DE,984,2442,0.0514,50,5916.13,6.01
2024-03-30,Android,US,1396,3770,0.0657,91,6725.44,4.81
2024-03-30,Android,UK,924,2250,0.0626,57,5520.22,5.97
2024-03-30,Android,DE,816,2515,0.0543,44,4606.26,5.64
2024-03-30,Web,US,1363,3263,0.0951,129,8046.61,5.9
2024-03-30,Web,UK,1067,2685,0.0591,63,5744.74,5.38
2024-03-30,Web,DE,882,2190,0.0563,49,4877.98,5.53
